title,source,published_date,link,sentiment
Lahore Air Quality Index (AQI) and Pakistan Air Pollution | IQAir USA - IQAir,IQAir,"Mon, 22 Jun 2026 20:56:38 GMT",https://news.google.com/rss/articles/CBMiZ0FVX3lxTFA0M28zN3NZeE1RN0RoeWI2N0lzT3pOQTl0TnhTY0lBTWEwWlBBeGN0d1lINi02eDNQOFhxUW5XZmVKdWhpV0FTam5QLWZZbkZGQmdEQjdpUFBFV2d6Z3R4anB6c3k4Rk0?oc=5,Neutral
Pakistan Air Quality Index (AQI) and Air Pollution information | IQAir USA - IQAir,IQAir,"Mon, 22 Jun 2026 20:51:02 GMT",https://news.google.com/rss/articles/CBMiVEFVX3lxTE5QVlBkRzJlX1N0eHFIMGE1bGRDOU1ieDhrZTNoZ29xSWtmMmxkb3Nlakd4NnN0aWtWTmRFMTRYRkdzZE1RNnd3T2hIUUREby1XR1lrUw?oc=5,Neutral
Pakistan world’s most polluted country in 2025: Report - Al Jazeera,Al Jazeera,"Tue, 24 Mar 2026 07:00:00 GMT",https://news.google.com/rss/articles/CBMimAFBVV95cUxObGpQVlRDcFpUSXRHOHNUa1VqMlJUVTdWT2xremhJejJLNHNCM3JkQkZ2ZFB4YjRLa1YwQmJxelVMalNCV19pV3VoZDlxYk5yRWM2bXR1d3h3NkFOZldfQkdmeHVFLTFDTVBxTm5XNlFJMGMzNU9Rdkdpd1hOZ29NSHF5NUh2QUlzdUV4TWg2cUdhZ2JOVHFjX9IBngFBVV95cUxPS0VXMzFxbm9fMzR6dmhCdU1KVkRuM04yOUEyNVdsUEhMajRzMHVxNWh4dlNsYkpsVkdLbzRKWTFoei1fWWttXzJReExDTFJqdWl2RWZMYkg2VmNZckIyRlZSU2lYaDBPS2FZVkhvdG45TUI5TFQwZUl4cEJxYnJCWW4yUWd3Q0lxSDZ4SlNtZTdsN3RLMldRenhiNnAxZw?oc=5,Negative
"Pakistan ranked most polluted country in 2025, data shows - Dawn",Dawn,"Tue, 24 Mar 2026 07:00:00 GMT",https://news.google.com/rss/articles/CBMiSEFVX3lxTFBPT0xIUkdPaGNHVFJNT0ZsbGl1Q08zcjNxNWFxN1hxQ1R5ejB6Q2UwaXQtZ25yd0xxMVdEN2FPR2JHVzR4QjRDRg?oc=5,Negative
Karachi Air Quality Index (AQI) and Pakistan Air Pollution | IQAir USA - IQAir,IQAir,"Mon, 22 Jun 2026 20:54:04 GMT",https://news.google.com/rss/articles/CBMiZ0FVX3lxTE1JWWVXVC10Tll1TThLa0RsTkJHUDcwMXQ5OVBVWDROdDJEVmxLU1dzbURpU245UFFmSVJoM08zSXJVcldnY3hZVjk2WU15OGV5NlRhakc2SjZCUDZOQWlVS2s2a1cyM1k?oc=5,Neutral
Worsening Smog In Pakistan Demands Sustainable Policies And Effective Emission Control - The Friday Times,The Friday Times,"Mon, 23 Feb 2026 08:00:00 GMT",https://news.google.com/rss/articles/CBMivwFBVV95cUxNWndHYkZYTzQxeGpleUw0REZCaUM3bGh2eWcweVNzUkV3MXQ0bDQxSGZZVDVXUjN0VkR4WUFFamFHZTZ5SG5MYVppQV9GTzNjWGI4TzhMcE15RmFpZUF6d2RTT3JiTHhiU3NnRHhFZHFFbnpvdGp2M1h5dW1xMF9SRFJPd3kyc2ZyQ2dCaXVMTjh0VUIxYnJtUXJtX1lrNFNiamhhZ1U2MnhDeVpDbXlUU0xjbHBtVjBRejgyN1NhOA?oc=5,Negative
"Pakistan tops global pollution rankings in 2025, only 14% of cities meet WHO norms - Firstpost",Firstpost,"Tue, 24 Mar 2026 07:00:00 GMT",https://news.google.com/rss/articles/CBMixAFBVV95cUxOTXdOc3FRbkFlRUN2eGd6TGRtSXlhRlZDeGFiNWtXSndpclhaeHVSeWQwcGU5T0lucl9PXzNocm1mNl92RWlBUFVUYzJVZmtYNWpGelRYczM5NTVNX0ZucFBlLVIyby1lbkUxblhNYk40VHk3U29tWER5bjg1R3ZmYkRaVUlfVGlUdlNmY0VRWmtVeU5xdThIWW5Idmppc1lhQWtRMnBjWk55RlEyM2tZU3JpcWoxd3FGNDNZcEJENXZwd2pz0gHKAUFVX3lxTE1pLThDMFFuVGFvU2VrbEFBaW1RMlNFQXZKa2JVeko2SHhjSEhDdFVvajBBY0NEc2tIb2NTSUV6bFRHc3g1M3BTQUhham02My0wNC1scktKSjZsaDhJdGR5eC1hc3pPUEFtbl9xNGNuT3VOMlUtbGVPOFJyUUwwTl9ZTlBDMzJlcWVDNjF0LTQ0WHpTTnkyZXVPczZNV1dCTDlXUE9wWDZBVnJMUVgtNURzNURvMjVpVmp2UXZyR2ZFaklrbTFMRXYwblE?oc=5,Positive
Smog season never ends: Pakistan’s DIY clean-air collectives rise up - Malay Mail,Malay Mail,"Thu, 22 Jan 2026 08:00:00 GMT",https://news.google.com/rss/articles/CBMivAFBVV95cUxOVjFmSFk4b3dITllUeEhWWWMtT2xLbzJwbklrYm1kSFdIZjVGOFBwUWpIQzhSOG84SmtTQzFQN3JUQndjQmdFRnJEektpeTFDMzBFSjhpOUpOTXFOWjY4ZVo2VG92M3U0UVJKRVNOTzJDVWdQZ2tOb3M0YmpCZDI4akUtVi1Ka3liZ3lUOGtvcEp4eU9ZY2doYUVBMXMtVnk4ZGZTUkhuMlVUZ3VGb3BtWmx3dmplWTVocVM0eNIBwgFBVV95cUxONTBLX05sMkNHQ2JacWdPekE5c3IyZ2lpaExXb2dOLVk0VzRjb1Y4RWJiZGJBOGVjckhDcXRDSVNMd0E2b2FleTk5bTVnUWcycHhqcUxuYm5qSGZIY19xLU8yZ2RNc0hEOUVFMnBjSWEwX2FTOThXcDkxVVJVN3h4TkYyaEFUcEhveUVaUjlia3NWRnBkUlJ1U1ZlUzdudS01UEVNQTJLOWFMa0pQZ2VNTXBIWTJaR185UHUwOUVWb280dw?oc=5,Negative
Smog chokes Pakistan's Punjab as air quality slips to 'very unhealthy' level - ANI News,ANI News,"Sun, 18 Jan 2026 08:00:00 GMT",https://news.google.com/rss/articles/CBMiwwFBVV95cUxPaHN1OE8zMzFaYkFsYWdqWGc3aTFHc0M5bjVoU3EwWDQwaVRpY2ZXVkl6bUxfbmRfYnhmWDZJWlMyRmF6c3Qycmpwakh4Z29ZNVZoQVpJTWJ2TS1heGY0cTg3Um41VW02MFhKVkhzYzJYeWRtTnBCQ3RHbUZNNUZlZFNiaVJqSDJRTmJvOV9GMHlrNzg3dFhMUy1VRHMxQkZuOW54THpBRmNUbkxVUjZjWjBZRnpZbnA4aTdBOGpBLXNmeFk?oc=5,Negative
Smog tightens grip on Punjab; Lahore’s Air Quality Index slips into ‘very unhealthy’ zone - The Express Tribune,The Express Tribune,"Sat, 17 Jan 2026 08:00:00 GMT",https://news.google.com/rss/articles/CBMivwFBVV95cUxQb3RjMWtSd3BfSFpLUXh2cnFrT3pPbVI2bERBVERxZjQtVzBlWV9zUGxaQ3owOFVWbkxiVWRWMnJtclRYMTB4MWdJSGZIVkhCdzVpSVlxSDE2OEp6WERRaUlvd0VkVFZUeUZkR0x0MGM3UXhTbXhyQ3puTm16WUh5V3JKUXIybzl2bHhhdXNCY3diektHMkFqTGNkb2dyQWhEMzZUa1ZhOWdudGxGMXNnd0Myd0ZBOFhLLVp4UHlFSdIBxwFBVV95cUxQbVVkMnY2dkdVQ2JvTVA1YnVwVUpTZDNqbGliRGE2MjRDcDVja2tMRVVxZzFQMkdGekVLWFpWY1c1LWtwd0lZU0xGSWVxSFRXQ1NOYU1XRnB6UFpwczFDX096VlN6LUk2RFZ6SEFzaEg2Yk9XNHdXcGxmb2pJQ0JsUlh4U2lqLW0yMHdyNUQxeXphbWtmcUcycEM4TXdtd0pvM1l1R1ZWek82d1RSc05TZFAxMjU0RGtRQnBHQjMyVlpuVkluM3NR?oc=5,Negative
Lahore again emerges as most polluted city in the world - Dawn,Dawn,"Wed, 21 Jan 2026 08:00:00 GMT",https://news.google.com/rss/articles/CBMiSEFVX3lxTFA0OXVscmpzalJPSTZFVjQtdnphSVpUMk40WlRFMjlGU2pjRG8ySGtqN0pzY3dwV1dQNmxUU1JJWnNmejNpNDRHcNIBTkFVX3lxTE00NWVDSlZCUEFtYU1lNnYwQzFWNTJUcXZMTkdZaXJJb3k0QmV2c1hrb3htY3ZRUWRIX2UyV0swSzlqSDRqSURBaGlFcUF4QQ?oc=5,Negative
Punjab Air Quality Index (AQI) and Pakistan Air Pollution | IQAir USA - IQAir,IQAir,"Tue, 23 Jun 2026 05:32:13 GMT",https://news.google.com/rss/articles/CBMiXkFVX3lxTFBxRXg3c1R4NTlGd3pqQkw5WHdRWnBGdFExVmw3bi1TMWZDcTdNY0dHSTltZjVBN19tOTlIcXJOV0IzZXlPa1ZCUEJhSWVTdTNROExqYlpIZFJjSlZPMXc?oc=5,Neutral
Effective steps helped improve air quality: Punjab CM - Dawn,Dawn,"Thu, 02 Apr 2026 07:00:00 GMT",https://news.google.com/rss/articles/CBMiSEFVX3lxTFA4aXktWDhrVF8xd0Mxa3l5NFRCZXZfODVVM2Rfcm9qS0lucGR5Q1dpM0FjdGhNTUR2QUEwQW1HT2pNcGFXQmNWTNIBTkFVX3lxTE5ReHdnaXQ4a3JuYWZNV3hWVm9SZ1pRWGxPQktvNDhTWktZRjBNVVM5VlowX0J1cXhjQWVuNzAwYjIzblpmZ3M4SmJaM29Wdw?oc=5,Positive
Pakistan Air Quality Alert - IQAir,IQAir,"Wed, 06 May 2026 07:00:00 GMT",https://news.google.com/rss/articles/CBMiaEFVX3lxTE54M0Y1Ymc0amVzbWd5MjQ1bUJGdFkxUHFFc1A5eWlUbERYUkJoVWtvMU83WGhUUEFSQk9ZeEtIaHJBSmtzN3VrM1V3XzJSQndQOUhBUTdXd2lTbnNpZktPaEdKRXVvR1hK?oc=5,Positive
Gujrat Air Quality Index (AQI) and Pakistan Air Pollution | IQAir USA - IQAir,IQAir,"Tue, 23 Jun 2026 18:18:44 GMT",https://news.google.com/rss/articles/CBMiZ0FVX3lxTE4tSWRUUUFvMy1pUXprbXFBTXJLQUYyQVB2YmdCaGpvNGZoYUhHNE9Ld3lIbG5Cdk9lZlR0My1qcGNILTdsUnc4X2tFQ0NTeW9IcnpsUmU2Wk9jOGRuVDR4SUJzdnRrQXM?oc=5,Neutral
Air quality in Rahim Yar Khan - IQAir,IQAir,"Wed, 24 Jun 2026 23:10:33 GMT",https://news.google.com/rss/articles/CBMickFVX3lxTE1XUWsyS2R4R1p4cGVYZW41aFdXcktGTk9vSVFXWjFOdVhBZlBRUE5sTEU1U3JOZWIwYVV4X1JPcE9ZNUlNYUV2ME9Qdk9ITU5MbENvRXNDRm92TTYwZUNFYWJiS0V0RDN5U19pa3c1dDluZw?oc=5,Neutral
Air quality in Islamabad - IQAir,IQAir,"Tue, 23 Jun 2026 16:26:06 GMT",https://news.google.com/rss/articles/CBMiYkFVX3lxTE5OVzdHVzVYM2tGXzlXTUt3bDQxdHRmQzdjQ0tYU3JGYVpqZmZpRnV5czE0VGJsYlFSckVpcGlscXBPUXphdlhvLWwzZGxkZ1ZfMWJURmt6R3JLek05NDk2cGJn?oc=5,Neutral
Sahiwal Air Quality Index (AQI) and Pakistan Air Pollution | IQAir USA - IQAir,IQAir,"Wed, 24 Jun 2026 02:51:31 GMT",https://news.google.com/rss/articles/CBMiaEFVX3lxTE14bjJWVTNWUFoycXp4LVNQQ2pDRkRUS2d1d2dBSlI1eUJhcHU1cDhNNnprNVctVWMtVnB1WTRyOXV6U0x1RU9WeGpobzcyTHB5emxvaE1wZFdmMG92Rl9Ba25FaE9CTUd1?oc=5,Neutral
Okara Air Quality Index (AQI) and Pakistan Air Pollution | IQAir USA - IQAir,IQAir,"Tue, 23 Jun 2026 05:10:15 GMT",https://news.google.com/rss/articles/CBMiZkFVX3lxTE9RcGV6LVc3RlBHS3pieXEzUlg5SkNIOUtWNzNueWY2c2k5LW00ZGs3Rk1XUTRrb1d6Rmt6UDk0c1BDTS14bFd2YVl0aVlBellWa0ktRXplSXdaT0VZTmVFS1NoWF9Wdw?oc=5,Neutral
Punjab continues struggles with hazardous air quality as smog levels remain dangerously high - The Express Tribune,The Express Tribune,"Mon, 19 Jan 2026 08:00:00 GMT",https://news.google.com/rss/articles/CBMiuwFBVV95cUxNbzB0OFp6MUpCNXVZMkV6Uk5Eb2ROLXhWdDR5Q2xhd0dtaHhTc09EdmxwUi12a2xMd3BNaW5peFFiUEVVeGRMRHo4REUtdEMyZVBMbVZGalZJSE5GVFdwZ1g2cHNqV3BnWWNYZkRDbmV1Mnp3NzV0cXUzbmlZdXVnd0xYWW9IcW1SWWV4dkFQbXlQQ2dfdEF5NlA3cmxLaGxFVHpabzFMcEFaQ0NWQ05PamtwT0tSMmNVOU9j0gHDAUFVX3lxTFB0X3hFY2FKZHdXbm1jUlRObWxJN29RdHlDZVN6dnZWbU1CNDRQaXZPYjNOVGxhQ3NyOHhlTXg0SWJiM0tUVV9yOHpHejFKZE4tWC1MenZUQ040VHJzRWlSZjdnZnd5R3ctaDFwd3dyNDl4dzQ2X254YmFPcVp3U0U5bEdwMnEwYnE2SjB6RmFxQVAzQlZQajY4Z2I3QTlwU3ljRnN1Tm1lb1g1MjNGbndZUWJVVmh5MWlBeFFEZUMwUi1law?oc=5,Negative
Tackling Groundwater Contamination And Smog: A Call For Cleaner Pakistan - The Friday Times,The Friday Times,"Wed, 14 Jan 2026 08:00:00 GMT",https://news.google.com/rss/articles/CBMipwFBVV95cUxOaUQwVWplbkRVTUNnOFZXaVhHbkFObnNqOEJyZms4dUZUSGZyVlRfbHdJTUJWUEZxY0JTM1d2aHVwVndQZmktaTZ4aTNFNGlhTkwycXo0azAzRFBpcHFETzdpVkd3MHhUTXZQZVhZYVlpejJHbm5iYXdVcWQtSEVKdXBQb3FPWXIwMmpOWHVEb2N4WXhZRTluX3V4NUMxa010bVB4aFFvaw?oc=5,Negative
Pakistan: Lahore attempts to tackle smog with mist machines - dw.com,dw.com,"Fri, 07 Nov 2025 08:00:00 GMT",https://news.google.com/rss/articles/CBMimwFBVV95cUxOYnJfTDNObDRNSWJlVGtuc191bGVVVVNLcVhnMU81bzF1U3prY3pmcnlncldUVWZSeW9yT05UQXdjRklHV1ZFMi1LajlleVB4YndsRm5qTFZWX3MzOHZKUzZDcmRvU0FyM3dYTFdRWGwtMHRIQ0FlMWVTRHV0QjRBd3ZNajdhbVpHTmxDRlVraXBIYV9lNmRuUWxzMA?oc=5,Negative
How Lahore Became One of the World's Most Polluted Cities - Pulitzer Center,Pulitzer Center,"Wed, 24 Dec 2025 08:00:00 GMT",https://news.google.com/rss/articles/CBMijAFBVV95cUxQNXlzR09wbm5oTnk4ZHYtdnhNVWVnX3RkTFQ1N0pxYUpfQldjTmlGYkhnTXBrSFBpWVp2NlJndVBnWVYycGowdV9KeGhTUUdYcUE3MlZTbkozTThVWDBkQUt1TmpWUFB2cDFvcExOVmVnVGp4SFRLSmhpZHlvWklySEV6bWRlUEJIZThkQw?oc=5,Negative
Pakistan bets on AI to tackle smog crisis - Anadolu Ajansı,Anadolu Ajansı,"Mon, 17 Nov 2025 08:00:00 GMT",https://news.google.com/rss/articles/CBMikAFBVV95cUxNYkxLSk4tS2FFS2ZWV1BJZlhDajVsS1NmYUFycE1KZmxwWVk0a0N6cGJiVkxhd1dyZUpDOUtFaERpLXdTQTUzN2plbEd4M09OWTFxXy1kQ3V1ajhHWG5LV1RNLURSc1hzTUVzTDBaZnIwWno4bnNYMVhzNVlzSnI2QnRuLTBCckRQSGZSRnlKYjQ?oc=5,Negative
From smog to solutions: Can Pakistan turn the tide on air pollution? - Asia News Network,Asia News Network,"Mon, 06 Oct 2025 07:00:00 GMT",https://news.google.com/rss/articles/CBMilwFBVV95cUxPZmZlYTNKZ1pNVmNscGlTTWhXU0piVUFhbXIyM181VDFudDJxTWt3RXNyVEM2R2xxNEN5VW9rWVJyMEdtbkE3czI0NlM0R3RDMkhxMUJRVktoTWhWeUZnczdQM2sxbVRJejRkWWVxUHQwUHN0M1VtRnE2bVJJU2Y4WWtqd2N3U1ZuS3hFcnBTbGdHYmpQckNn?oc=5,Negative
Lahore continues to top global charts for poor air quality - Dawn,Dawn,"Wed, 29 Oct 2025 07:00:00 GMT",https://news.google.com/rss/articles/CBMiSEFVX3lxTE5hM2xncWI4OWo5LUtxUmw0ODRVTDVhSGo2bjl0d3J3Yk5jcWRIRkdtX1BiYjdlVl9kNDhXVDhJQlNpRVQtdmdHd9IBTkFVX3lxTE5zTTJKNTVmcjZibWVua2VzemRBVTN4OHZ6ZWdEOVBlUUxiWVJsdzdLdzMtbjF4aHEtUUJibk5Bb2JvYzZ4LUwwcS0yeGlXUQ?oc=5,Negative
Lahore ranked world’s most polluted again as AQI soars to 386 - Dawn,Dawn,"Thu, 20 Nov 2025 08:00:00 GMT",https://news.google.com/rss/articles/CBMiSEFVX3lxTFBpaExfRkpkeVJFemR4Z2JGT3dFQ3hPbUlYOTEyeEFOYzd3WUFlVmVkUzBTbXRUMC1BNkpWWkFYakRxZ2M1N3RNc9IBTkFVX3lxTFA5c1NxblVkQU1oSnlPVVVUZ1NJUXM1R2c5cms4UGdrMjkyR041OW1pN1ZnUDAwclZoM3JaYXdyWXY2VUJKcnIwTFNPQVJNUQ?oc=5,Negative
SMOG IS THE FIFTH SEASON - Dawn,Dawn,"Fri, 17 Oct 2025 07:00:00 GMT",https://news.google.com/rss/articles/CBMiSEFVX3lxTE9lZVNLRDctbW5PdUg1SE4yNFdDYktXV1cwT09Pd3BncXpYVFV4ME5ZUWIyRzVoZDZHSEhDa2RtSXZmckVNdE5Jdg?oc=5,Negative
Air pollution cuts average Pakistani life expectancy by 3.9 years — report - Arab News,Arab News,"Wed, 10 Dec 2025 08:00:00 GMT",https://news.google.com/rss/articles/CBMiWkFVX3lxTE83Y2NHM3NDVDljbUJoeHJpaXVTRldFQ1k4emNFa1UxM2c0TGxHYUg4bHVUQlhZSFhJOE85bmhpdFZ4X3JuSUM0ZFBIbkJSSXhpc3o0aVRBRmNNQQ?oc=5,Negative
Toxic smog in Pakistan's Lahore raises health concerns - dw.com,dw.com,"Sun, 02 Nov 2025 07:00:00 GMT",https://news.google.com/rss/articles/CBMilAFBVV95cUxQQUptazg3S1ZBYVdYWnJ5RlNqeTNaM0pUYXJ1TGxKUXFMNllaZHAzaUVWN2o0UXdhQWZrMzE0MWxyWUlVNG1jZXdVTTZOTmxmYzJ4U3FYWGVKY3dmTEc3cHpySTRqQkNlNE9TMXBteDZEbGVuTXNqRVZjdEJxVkxSS0llSW9XRmU4eWdsUHhfZ3l6U2tY?oc=5,Negative
"Emissions from transport, industry top urban polluters in Pakistan: report - Dawn",Dawn,"Tue, 09 Dec 2025 08:00:00 GMT",https://news.google.com/rss/articles/CBMiSEFVX3lxTE9CNnlZRjZpeVdYRzJOeGFlSEhIODN0ZEEwbVJlRVFUNU9aLXJrYkhMcTFlckhJdVk2QS1MbnVqcmNZTkFpd0xXXw?oc=5,Negative
Lahore's toxic winters: How smog is reshaping daily life in urban Pakistan - Phys.org,Phys.org,"Thu, 11 Dec 2025 08:00:00 GMT",https://news.google.com/rss/articles/CBMiekFVX3lxTE80VVVVQnl4MzM0c3llaEFSek9TTFQ4OEtUSm4xRVg5QkJ6di0xTHZyd0ZWTVlOQTFOWkJabXkxVmMwZmlaTllxWEpZd0Z5ZjN2TmJYSWh4OWVGZnpNZ2k0UENtSnRZdDNmMTBVVnlCeEdiSXl0MEVWcUtB?oc=5,Negative
Report paints alarming picture of Peshawar’s air quality crisis - Dawn,Dawn,"Fri, 12 Dec 2025 08:00:00 GMT",https://news.google.com/rss/articles/CBMiSEFVX3lxTE83TXFyUkc5UWotVUVTc3RoZjV2SFcwdjRNOFk5eElYWUhrOTRLMVgtYU1pOVNVTy1IN0Q5aWFnUGEzS1dyNXcybNIBTkFVX3lxTFBqN0RBQ0NPdEZYWHBVdVFXNVRSRkdEWlhBMzR3ZzRVTDA2RW5IRVUxbHREZXZ6eHFKbmR6bHFNVU9mOGNSRW90bmxrakFGdw?oc=5,Negative
Lahore continues to be most polluted city of the world - Dawn,Dawn,"Tue, 28 Oct 2025 07:00:00 GMT",https://news.google.com/rss/articles/CBMiSEFVX3lxTE03TWFpNzkzOGVnc0ZWRTJhZnlubVNiZEs0bkJmVktiZER5Nm1YUVo3MEVJZzVYNlpGbk4tYTBpM2ZZb01KaFlTTdIBTkFVX3lxTFBCTzM0b0V0ZVJwN2ZQSVFIdlU2SC1IaFlHNGpSd1VzWmhacjBrV1BRbEEwZmd1RHZlSW0xX21NUVdlWVlvLUo0LThJZzdmQQ?oc=5,Negative
Pakistan must clear the air on smog. Here’s how - Dawn,Dawn,"Thu, 09 Oct 2025 07:00:00 GMT",https://news.google.com/rss/articles/CBMiSEFVX3lxTFB2a04xMGZBWGV4RWdBOGJQUUdxZG9BeFEtZWx5NURCaW1DdWJBR0tlYXc0YXRZLWVDMW9TN0lfY1I1S24tdzdhRtIBTkFVX3lxTE9GRVA2LUhydk1lM3BNeXIyR0xHNXRnQklFZjM4WUs4dUNhZW9CSGJMMElxUjRfUnhyUDd3U2E1cXNSejU2U2FnWnAwNURadw?oc=5,Positive
"Lahore, Karachi among top 5 most polluted cities in world - Dawn",Dawn,"Tue, 21 Oct 2025 07:00:00 GMT",https://news.google.com/rss/articles/CBMiSEFVX3lxTE5ESzg2UkFhSnYzdHBYSXBXeUh0LXFBR1g2TGN5TVNfRTVmb2dpbGNoMkdyWXdObEtrYmtOd1B6b2xVLWx2Mm0xTtIBTkFVX3lxTFBUTUs3UlY5dDBGVUdBdU9KY0ZKMi1Qb0dfTzQ4MDNJV1JDMW5TLU1BazZ5dzExZ3JMazNtVDZyaTM2bmhtV0RBR2lOX1pmQQ?oc=5,Negative
Swiss air monitoring index ranks Pakistan’s Lahore as world’s most polluted city - Arab News,Arab News,"Wed, 29 Oct 2025 07:00:00 GMT",https://news.google.com/rss/articles/CBMiU0FVX3lxTE9wRGtwbXg2SU9HOVNFODdSekFRVi1FUFpDLWQ2UnF0UEhYcFhUTjRRQjNvWjFWMHNtM3R1V0VIRXYtZndJNlFtcXFwZEVSdlE2OXVR?oc=5,Negative
Lahore tops pollution charts as air quality turns hazardous - Dawn,Dawn,"Sun, 26 Oct 2025 07:00:00 GMT",https://news.google.com/rss/articles/CBMiSEFVX3lxTE5YTllUZW5rVXp2dng2ZDIzclkydnFlZWxrZ0Nad0l0RF83aU5SazJuVVZucF95NUZTYko5VlhTc1oweXhmTkRpWNIBTkFVX3lxTE1NaHFXcUZFYjhfdTkxb3B3V0ExRGxmM1ZnUHl3b0R4UXZqOVhMZE1WSFl3MEZObDNpVUZlcHp0QlBNUEt0TjlGRjBnaDZQUQ?oc=5,Positive
"Lahore, Karachi top global pollution rankings as smog chokes major Pakistani cities - Arab News PK",Arab News PK,"Fri, 31 Oct 2025 07:00:00 GMT",https://news.google.com/rss/articles/CBMiWEFVX3lxTE1ZZjZRdmU4NGg4TzF2el9NcDR5OElaQjRnYVpnLWZQY2x1aDNGeDAxa0VXM2dkVE1pbG5sLXhkWEUxd1l5dU1mb3Y5Z3FDelRZZENndXpTYVQ?oc=5,Negative
"Twin cities facing severe air pollution crisis, warns report - Dawn",Dawn,"Thu, 11 Dec 2025 08:00:00 GMT",https://news.google.com/rss/articles/CBMiSEFVX3lxTE42aFdpNXJ1NXVEYl9mSkExSXN2YUpEWmIxVDNVNHV6b3pRaTBlbjVLeXRZdmtUVldTX3VSdHNIQ1NIZ0tHakhFMtIBTkFVX3lxTFAyVktRcURjb3RXcF9tb0FWbW9MbkVZdWpjMTU3c2RHWEprWUw0d2djdUxXbExyZTQ5NFdGcmRVTVpsZmVwaG5RNlI4Nm9odw?oc=5,Negative
Punjab govt under fire for ‘manipulating’ air quality data - Dawn,Dawn,"Fri, 31 Oct 2025 07:00:00 GMT",https://news.google.com/rss/articles/CBMiSEFVX3lxTFBUY3JTNnh4eVNhMklGR2JEVERmUHVQTjlBWklyT2lRZ180OWJXMWdYOXJfbzcwVVNiQWlmNjkzWlNIQmhKb1pQQdIBTkFVX3lxTE1jeGJKMXNvVmxFUUZlTzkyaHV5a3Z1WWVoTDV3SWxyMlJfdHAzUE1qVW10TnhRdWpLTE9VYTRqMzVoTFM4dWx6eFRrSGQ2Zw?oc=5,Negative
The Smog Of Silence: When Reports Expose A State’s Inability To Govern - The Friday Times,The Friday Times,"Thu, 18 Dec 2025 08:00:00 GMT",https://news.google.com/rss/articles/CBMimwFBVV95cUxOWlZfOGR2anVMd2ZHa0ZUX2xSVjF1Ym9Vd0tFTTVrR3BaSWp4eDFNUE9LSkp4bHo1VHYxc0JqUVJhZjc2dUw1XzIyaGs3OE1telh5SWhON2lLQXlnX2ppREgyS3BmZ3BHOE1xNmYxTEhBcjRZdWppSi13LXFybzIzQ0xRSHh1LTdIclQ1anB4NGJvaGkwMUFSSTBpZw?oc=5,Negative
Lahore’s residents choke on air pollution as toxic smog blankets ‘City of Gardens’ - Arab News,Arab News,"Thu, 06 Nov 2025 08:00:00 GMT",https://news.google.com/rss/articles/CBMiWkFVX3lxTFBXZzIyRWhzQ09xLUxBZTBvZFFBYlYtWk9PTUlNNTB6dXNoZzRvMU84Uk1IV3VjUEhPVHcwTTVRTloxN082Z0NJdkFmWW9MX3gzSmliNWRab1JDdw?oc=5,Negative
No respite for Lahore from worst air pollution - Dawn,Dawn,"Fri, 31 Oct 2025 07:00:00 GMT",https://news.google.com/rss/articles/CBMiSEFVX3lxTE9kVnlCVTlhTTJVYXE5b2lXaks0MjZzTVJpUl9vOHc3VWI5VkktMmdORTAtaE01RWFxSDQ5bzhzdm9JU2dnVnRQaNIBTkFVX3lxTE1fWGt3akY4RG56cXo2NWhBMFRUMHhnOVJPNHFxdG54NGZydnRCaWktU0w5ZTlkbVM0SFd1TW1veFFNcC0wNThTeXFlYUJpZw?oc=5,Negative
Crisis vs Opportunity - Dawn,Dawn,"Thu, 16 Oct 2025 07:00:00 GMT",https://news.google.com/rss/articles/CBMiSEFVX3lxTE9ad1RxUWxNRnE2UWFDUDZyMnE0YXVfOXR4aHcwVWpHUUlMdHVneGR0U3l2UDZOOU1iSkp5SmZsZ3NQazM1TWZGatIBTkFVX3lxTE9Ed1BSeFZldjA2aU0tRzBSbWlrVjE1ak82OFdQdnpzaDhlaENtZFNwYmNlbG42OXRhYkFvSlZ3UE9pWEo4c1pLNWw4UDl1dw?oc=5,Negative
The pressing need to clear the air - Dawn,Dawn,"Sat, 11 Oct 2025 07:00:00 GMT",https://news.google.com/rss/articles/CBMiSEFVX3lxTE8yT2JuQ2dYVVNnX2lpQVdyZ2FrUXVub3NSbkJ1RjFyV0NyQ3BhemMxODhNUFAzTTlDUHloRkhpYWFnbzBrZTM0ZdIBTkFVX3lxTE05TGE3NTR0clBlUVRGQjEyaVotM2ZXUml0LVhJZE8xT2tZZnhhRF9ZaFhOMHJqcUEtZDE4V3lvYXR4aWtTU3YxY2JVOEYxQQ?oc=5,Positive
Lahore ranks second most polluted city in world in terms of air quality - Dawn,Dawn,"Sun, 19 Oct 2025 07:00:00 GMT",https://news.google.com/rss/articles/CBMiSEFVX3lxTE4tRmRVdzlEZ3B3d3dhMFJMcFdFY2VCM0hjbHZuUkdkdVZ1cFJkcVc4dzFWY05oUk5YWllSZC15N2RGLVowUG1GNNIBTkFVX3lxTE5XRE9zNC1RZWRTTG8tamtfQXlIMFFCdGI4ZXpBMmZqeTFDODZBaTZOakdYY01xVjN6cHRUNkh1UTdIdzhOMGhZa3RLalJtQQ?oc=5,Negative
Pakistan uses anti-smog guns to fight air pollution in its cultural capital - AP News,AP News,"Thu, 23 Oct 2025 07:00:00 GMT",https://news.google.com/rss/articles/CBMipwFBVV95cUxNS3dVTC1XNmUtNzIwVXFPSVN6ME1kVmhKazBwZ2pyWjJVOUJuZUhYWkpnb0RHX2dHbUJURmFVWWN5UlN6OWFyNVl4VmpCaTZ5QUg2Z0xFcnk4WlAwbV9zSVVzY1ZSb1k2RXdJYzlaRS1nbzg2NENOYUcwd0FuZ2V3V0hrMU0tWVYtcnZYdTBJc0RuUDdoYmZQR1N4cVpCekVOSklXN3F5NA?oc=5,Negative
‘Smog theatre’: Will cannons and towers clear polluted air? - Dawn,Dawn,"Tue, 21 Oct 2025 07:00:00 GMT",https://news.google.com/rss/articles/CBMiSEFVX3lxTE5QTW1xOXN0Slo5ZmJGV3JiRXJFT3FhOEhTamo2d0tUQVZaWE9QRDB4b3paRHo5cW91c1phZThwS3RaRF9HS2c1Y9IBTkFVX3lxTE9zNW1JSlRMSmw3MmFwbjA1aXh1MVNOQllEdE5XeVllT1pabFU4WGRlcmNLVGVHY2k1ZW1Kc1M0ajBkdFdQMWY5bkJ2cmVMUQ?oc=5,Negative
"Punjab skies turn toxic: Lahore, Kasur among most polluted cities - The Express Tribune",The Express Tribune,"Sat, 01 Nov 2025 07:00:00 GMT",https://news.google.com/rss/articles/CBMiogFBVV95cUxQcmc5UERLclJiMGtXc19IQWdwRlB5OFpPc1VCcE5RSEIxeHhUVDExNVBXVDQ4eW1rakVZQ0ItTGZncmZzc2ZlTkNWdXl0TnRVVUFhSlJUMkxsVFJTS3ZHZlVScEJpS0RJTDFSbm9BSFk4Nm5aM3IwQ28xUlE3OU9hNHplNnY2UHBwWlFvaEpXNF9xYnBSREQwX1M4eU44U3RIcnfSAaoBQVVfeXFMTmhiMEQtb1pFMEw5MFpUSUhFWnJKb1poQXA4emFEVWVhYTdzWHo0emdTZ0U5cU1JLS1wbGUtcDhQbjRZQ1dLZ21oVVlpZ2REangwYnZTUXVfcXR0cmkxOU9wMFdyNVZaVHVRUkhwT3o5UFZoYTRKMHNPcnhjZHdMandnYmwyZk9zQ0R5NzB3MU9TdTVveXg0bkV1SVZjdnVidmRRSWVwaWpUblE?oc=5,Negative
